{
  "bleu": 0.0,
  "meteor": 0.1032071688734147,
  "cider_d": 0.023962586154704844
}