{
  "available": true,
  "zero_shot": {
    "bleu": 0.0,
    "meteor": 0.1032071688734147,
    "cider_d": 0.023962586154704844
  },
  "fine_tuned": {
    "bleu": 0.32236398288320733,
    "meteor": 0.5605098966737433,
    "cider_d": 1.2163877988741267
  },
  "delta": {
    "bleu": 0.322364,
    "meteor": 0.457303,
    "cider_d": 1.192425
  }
}